{
  "total_samples": 2151,
  "accuracy": 0.7791724779172478,
  "per_class_metrics": {
    "positive": {
      "precision": 0.7597402597402597,
      "recall": 0.8529769137302552,
      "f1": 0.8036634230108758,
      "support": 823
    },
    "neutral": {
      "precision": 0.7703081232492998,
      "recall": 0.7823613086770982,
      "f1": 0.776287932251235,
      "support": 703
    },
    "negative": {
      "precision": 0.8265107212475633,
      "recall": 0.6784,
      "f1": 0.7451669595782073,
      "support": 625
    }
  },
  "misclassifications": 1323,
  "misclassification_rate": 0.6150627615062761,
  "ambiguous_predictions": 1860,
  "ambiguous_rate": 0.8647140864714087,
  "noisy_labels": 1299,
  "noisy_rate": 0.603905160390516
}